username,query
dxzairne,wings BTS
jhair_salvador,TOMORROW jxdn
mallyteufel,rumors Fleetwood
hugo.howee,oasis (what‚Äôs
laurenjerickson,inside bo
jordanslguay,puppets Metallica
zrtva_pcele,17 @xxxtentacion
tom_spence_1039,came here
izzyvinas,paradise chase
andre.i0rio,ultraviolence lana
reginagaribay25,sour olivia
lfernandarubio,sour olivia
maduzurks,sour olivia
_sofisticataa,25 ADELE
sloppycorn,donuts j
francisco_saldanha09,buying Megadeth?
vanityluvzme,wings bts
lebo.the.kid,(nxworries YES
marcos_p_130,roadrunner brockhampton
_th0mas.gray_,pressure logic
sophiromero,tgtatbo WHY
pariluvesjins,also the
sopiuzzi,days tool
nignogsconfusedsexualityparty,open bruno
axellegbrt,support madison
neinavarro,cuts the
just_ablack_dot,unlocked Denzel
leah_amezcua,"mundo"" Bad"
lisa.1308x,cat blink
_mimi.ray_,die Panic!
hemera.jpg,miedo Kali
zero_sad_boi,wish the
maria_serquera,weird yungblud
n1cotinepatches,soul sticky
randomcandysmuggler,demidevil Ashnikko
cloud._.berg_,sunbeams arlo
ajrs_pigeons_,click AJR?‚ù§Ô∏è
tenderandm0ist,fighters Foo
cinnamongirl360,zeros declan
candysavyswag,antihero convolk
zoesmar.tie,weird! yungblud
sydneynicoleking,wonder shawn
vickyhang6,"life"" Stray"
st4ynumb,support Madison
stasiek.gratkowski,carti playboi
duasboobs_,amala doja
hannahh_grace04,license olivia
joaopreys,jewels Marina?
pardonmyswag_,nectar Joji
calebbuck006,illinois Sufjan
laurencait.26,manic Halsey
laurencait.26,banks Plan
laurencait.26,weird Yungblud
soofizapatab,multiply ed
_martamas,swimming mac
_martamas,lit carti
stutiipatel,nectar joji
mayachristine_30,be bts
arshism,smile katy
the18thllady,flowers Beabadoobee
xo.camillaa,mundo bad
stepaann___,‚Äú17‚Äù xxxtentacion
kutaysann,kids The
ryliemayerr,form the
abbiepattinson.xox,line harry
ehhhdgar,"mundo"" Bad"
rainbow_blues_,evermore Taylor
saminnaei,lungs florence
bearodrigsilv,mono-tones The
chloexyoung0, the
sophiemarley_,else Fickle
loris.furlan,ep Rin
anychns,be bts
avreearnold,wonder shawn
cami.s_22,wonder shawn
duchesse.des.tubercules,thyme Simon
uke.guy,snack homeshake
eilapatriciacalma,crybaby melanie
eilapatriciacalma,not arctic
nalauravieira,anyone wallows
niteszn,be bts
beatriz.antunesss,ram Paul
wheresdre,giveon When
hetfieldswhiplash,feelgood M√∂tley
evieproctorr,nothing placebo
brubsml,"""zendaya"" zendayaüôèüôèüôèüôè"
yayyy____yayy,santos The
munchdevil,image flasher
mayceeleslie,positions ari
qaisarasuffian,xyloto Coldplay
natasha_nts_,confetti little
noufelzf,downfall MGK
__jeickell__,downfall Machine
ninoska_black,dangerous Michael
badea._,up tpr?
ro_agostinello,machine Gorillaz
maryensss,nectar Joji!
aannalisebishop,odd p!atd
joycelohy,confetti little
cba_s,horror Bring
vascovarelas,"""joshua"" French"
razorflavouredhashbrowns,phone Lemon
rumpniisse,cowboy Mitski
emilialwayscrying,thieves Moral
lizziedupree,positions Ariana
_avinabaguha_,joji Nectar
lenaesor,please Ariana
aleishajamess,melanchole salvia
nickbraueer,"effect"" Seether"
honeymoon.moonlightbae,positions Ariana
derek_llopis,worlds Porter
ozkar_kiko,"color"" THE"
orchids_cattails,tracks‚Äù knocked
hughes_soph,123 Lennon
erown3,friends‚Äù Peach
star4ngel,ctrl sza
hooditlou,obstacles syd
underbane,"bull"" Kings"
rubymayprivatee,click ajr
rubymayprivatee,theatre ajr
jesswastken,up the
cailoutsold,smile katy
maariperin_,1 sabrina
f.ajyx,hellboy lil
soofjaa,hellboy lil
notxmaar,support madison
t7ch4,tighter Mindless
flickcow,unsainted slipknot
michelle.kfrx,—Å–≤–∏–¥–∞–Ω–∏—è IC3PEAK
_alexandralungu_,nectar joji
anaisabelicaram,"""walls"" Louis"
emma.gaglione,boy lany
cocainecola._,downfall Machine
hsskittylove,theory Amon
raetardd,"die"" bruno"
sleep0nthefloor,marigold Pinegrove?
zikoeltobgy,hotshot Shaggy
livlindgaard,farm dinosaur
norimatyiszababo,out- Machine
happyxiaojxn,dynamite bts?
ebony.couley,"gift"" the"
javiebecerra,nectar Joji
_bowman___,downfall Machine
keelalavertyy,hellboy lil
paulae.medina,tapes fletcher??
lilymckne,nectar Joji?
sabpsv,him Killing
sabpsv,him Screamworks:
jordanaharwitz_,four one
streitsuechtig,experienced‚Äú Jimi
konstadinos.politis,purpose Justin
thanosegg,package drake?!
_brendalitaaa_,orca gus
lanemcour,goat polo
hannesprivvvvv,dreaming M83?:)
azgorn.vs.the.wrld,say Pouya
fede_fiorentino,2001 dre?
falsegvcci,home one
suzie_3567,nocaf the
meg._.134340,bleach nirvana
fabihahusssain,made Janiceüò§
dexxtrious,stupid crywank
pinkfloydslut,pictures rush
_.maj._.exe._,pass‚Äù george
zzxnex,shame‚Äù get
aggressivestream,gi the
deibidub,smile Katy
sray._,love Jimi
marialaurapanzeri,"truth"" Chris"
cocacolin,anniversary wishing
zrtva_pcele,17 xxxtentacion
wheelershoney,pie the
onemorerareguy,perreo jowel
sxawyer,mind elvis
d1lf.hotline3000,beautiful oliver
taliagabin,walls louis
diazdiegomiranda,kicker zella
astropulviss,xyloto coldplay
thejamaalfisher,shotta nle
spacing1539,internet childish
simone.lom,painted lucky
kpszn,alfredo freddie
user15482749,mothership dance
olesia.astashova,asthma wilbur
eres.rxbsxn_x,asthma wilbur
maam_calm_down,phases chase
poepscheetkak,north swmrs
hailey_allenn,summers morgan
onemorerareguy,perreo jowell
kurtcobrainwashed,is far
_.fabiiiiii,nostalgia dua
__eazye__,grizzley the
verotsunami,son brent
darcy_d149,iii haim
8jose_m2,die juice
julianiemeier,walls louis
catarinaabritto,rainbows radiohead
mattijnnijsingh,limbo amin
rimbofakenamington,internet childish
bread.fanpage.01,gentlemen george
gregorylobalsamo_,tiring next
bearlyalive0,out the
itschasewade,rising weyes
t_squared_t2,5150 van
fkbo_x,ardapithecus willow
ramzykane,dangerous michael
sa_wine_,walls louis
eldiariodemaoko,limbo amin
ryanmmtz,plaqtudum recayd
dropithellalow,deux fall
calamity_cam13,boogaloo city
alli_newsome,weather niall
julianneqabad,monster gaga
joakooop,station david
xanthecide,iowa slipknot
blls2022,lost sleeping
ceast52,destroyer kiss
nahuel.gonz03,scene the
x.eliseh.x,wrong dominicfike
y.f7x,17 xxxtentacion
sassybrioche,minute lizzymcalpine
i.lopez95,nostalgia dua
cheggs_s,be naked
davidfcarrerom,us jessie
tudorstef45,trauma i
smbugatti,pressure logic
bringemcrow,purgatory tyler
b.radfordboy,falls zayn
maikendsn,weather niall
meaggsr,here basement
barby.nogueira,calm 5sos
josh.cofie,way bas
meredithussey,four one
iva_sauimalae,that small
stxlemxte,lucas 5085072289
maxsene,punisher phoebe
melisande_ca,baby arilennox
mo2ft,mmlp em
macaronimunoz,you greer
enreezus,babylon gus
antifraa,1 ateez
elvisstanaccount,head deep
meg_hanks,folklore taylor
kendra.h_,tongues joji
taylorippon,folklore taylor
_eboysandboners,rose lil
filippidis.g,pressure logic
dollify_stark,falls zayn
sloppycorn,pressure logic
valenrivasr,infinite eminem
johnskrz,folklore taylor
swifttrafficlights,folklore taylor
mat_gio03,blaze dancehall
joyce_hazel_,folklore taylor
titastfu,folklore taylor
wonderfuckenchanted,folklore taylor
thebrunosparks,folklore taylor
erin.ea.austin,request do
_maryrankin_,folklore ts
maryofnoise,folklore taylooooor
halletroadec,folklore taylor
ismailhcanturk,folklore taylor
aryelleaz,folklore taylor
jordanaharwitz_,memories 1d
anajulcarvalho,weather niall
anajulcarvalho,hs1 harry
anajulcarvalho,falls zayn
anajulcarvalho,walls louis
anajulcarvalho,lp1 liam
anajulcarvalho,home 1d
anajulcarvalho,four 1d
_alyplz,rockwell ldr
caitlin32557038,murdered by
ananditamenon,live stray
bruno_mcrocha,chteau elton
zatadian,zone nct
treat_peoplewithkindness1,answer bts
hsskittylove,theory amon
rebecca.azer,nightmare halsey
tulhu,pleasure jessie
sheyeklb,blue ellie
els.cath,fuss the
daisy.fielding,endorphins octavian
monwabisisekwane,engine everything
sofia_liotto,pleasure jessie
macysfreeman,empty jackson
isalinesmyth,here pink
wes__davis,me tupac
erymustdie,160416 cavetown
privado.lsds,empyrean john
amalastorm,amala doja
valeri_santolaria,mono rm
mirjam_morandell,walls louis
clara.riggio,lighter donna
voidtsumiki,down james
palm3rspr1v,glow dmas
prettyweirdo3x,house theweeknd
prettyweirdo3x,fineline harry
sadiegamble_,home one
_aukse_bruzaite_,grimes miss
narcissistfanpage,addiction tender
gabriel.czar,jackson off
arnewhg,crackup fleet
placebo_yue,mew and
hoang_nguyenlong_,circles mac
str8upvibinn,one ozuna
abi_baiz, dayglow
pinosviejos,girlfriend charlie
__kylie.marie__,0 blank
skiesandblue,xo elliott
amichii_,alfredo freddie
soupremacist,creek mitski
soupremacist,line 
keanukink,90125 yes
acecomeilsuccoace,blackout britney
virgigzlz,hour chloe
sonniersophia,punisher phoebe
conniehunter_,calm 5sos
playboibarri,3 gunna
marilynxcx_,me brand
naldotf_,emmanuel anuel
teo_drug,neverland m
gaadanamanyaloh,zone nct
tapedispenseraudrey,america supertramp
cottage_bo,jazz mike
leticiathephrog,scorpion eve
vidalthaver,5th young
colin_hugh3s,snowglobe russ
azegbeobor.a,anti rihanna
eoghan.67,search nf
carolinebph,kids go
rrootceehh,room michele
wiltayylor,camila camila
toastysandy,something movements
fathermikey,dream the
bubbleteababby,ideas tessa
ramzykane,jackson dangerous
antonia.drawss,changed social
jhonlucas_._,freedom akon
arog3rs,turn lil
totgeliebttt,walls louis
catrgarcia,kingdom no
m111kayla,free rex
sethdoesntexist,wolf tyler
lwww_65,manic halsey
its.me_josh,hour chloexhalle
privatniklass,hour chloe
_lokis.revenge_,berserkr amon
amirdrako,skies life
new.account.check,stupid crywank
_caitlinpeterson_,walls louis
nevroglie,whatever adore
ash.cheek.bitches,suburbs arcade
saayguen,2 mitski
arshwitdafatty,2 gunna
emiilei,skin flume
calxbbr,72 grateful
rupxerto,balcony catfish
californiiap,class pulp
thelonelizard3,today the
andres.dumb.lmao,hour chole
matt.pecoooooooo,beach glass
iisabellasalciido,chilombo jhene
im.a.real.fairyy,friends peach
deluxe.warlock,love juice
kayo_animashawun,bitch baby
naki.shi,adamlar dnya
m666xwell,mavi let
r_eginnna,bastards palaye
korrmoon,simon paul
fourfourfourfou,tlop4 pierre
ashjonaut,baraz it
edgywavyman_bruh,tragedy hollywood
frankcqstle,lovetap smallpools
ceilsie,sprit fredo
meganhalliday00,miller swimming
darphyy,bastards palaye
__.krxs.__,nightmare arctic
gaymfscamerarole,20s rizzle
raqueelftv,walls louis
lexo_2.0,beginnings girl
watc0re,d2 agust
s1d_t1lley,pendulum immersion
hawin.07,am arctic
dest2no,it summer
roni.pironi,band the
spacing1539,everything kota
ele_rabbione,breakaway kelly
arranhughess,floor madonna
chandler_holding_ur_fav_album,chandlerartistband just
tiyahuzumaki, x
maiafiller,shrapnel king
esz2.0,lit playboi
rainutea,stupid crywank
we.come.from.garageland,calling the
l.a.mb,mars david
tiagohnrqs,lemon bitsu
mommatroosha,special twice
sethhhhh_c,machine self
vxleriatt,facelift alice
kizzycos72,deux fob
viank____,chromatica lady
quintanacesar16,vistas everything
cynistral,bungle mr
zig_draws,twitch ministry
zig_draws,machine nin
its.me.penny,season conan
wasetaiwo,jungle santithat
dane_homler,pressure logic
johnnypoocavcav,gracetown san
mmckenziesmith,tough nkotb
meus.montgomeus,anthology the
ur.fav.album.in.negative,moee twice
th3oph0bia,nails the
dryclean_eugene,infinity souls
acoustic.idiot,days tool
alessandra_.parziale,incesticide nirvana
aoifejayne_s,weather niall
caprisun_esh,getaway red
scottygeorge,punk random
andreynaruiz,artist a
bradysidneyy,alexisonfire watch
gregw2121,immunity the
bayannael,falls zayn
breelelis,bastards palaye
_livia_jane,line harry
btwsasa,you jk
bilandkookie,polarity t3tra
toadmast3r14, khalid
mad6ity,hell don
saeedeh_abszd,hearts norah
justinblacher,925 sorry
paaablo.vasq,twice more
records.rock.xanne,sleepwalker the
grey_triangle_mercenary,phone niel
veggyboy,sublime sublime
yuval3d,17 xxxtentacion
audrey.santaa,selfish madison
youmoronicimbecile,sabotage black
joshgrimes3557,93 halsey
julesprte,torches foster
wonnovaw,toilver heaven
w.iktoriao,romanticpsycho quebonafide
onkel_politi,3 trippie
xcarolxinex,hour kacey
deanbennett1,myself lil
artifuljordan,artwork the
artifuljordan,heartwork the
artifuljordan,liars the
_lauram91,walls louis
moonzenie,delight baekhyun
n.mag__rutsch,not arctic
ogulyagiz,adhd joyner
quintanacesar16,end vistas
haveyoumetyagiz,slowdive souvlaki
morenalourdess,jazz queen
__.beamer__boy__,goat polo
jack.james.wilson,cascada everytime
admczak,diplomacy kakkmaddafakka
nooob_master_6969,5150 van
crabsticks.jpg,blonde frank
marco.puleo_,gioielli pornostar
jpieters672,deaf queens
gecko_aaron,d2 agust
iisabellasalciido,chilombo jhen
indianah_1102,lemons loveleo
j_ackm,chromatica lady
memeless_nar.nar,recess bbno
breno.b.andrade,porttil selvagens
ranbalsa,dopamine brns
isabellamorenoduma,nice jack
brooklyn.thompsonn,divine alinabaraz
hotwings.addict.72,everybody logic
jessiemans_,worlds porter
bebop.bitch,block quincy
makayla.44,fuzzybrain dayglow
spicybarbatos,d d2
ferconte,mccartney new
kelvinson_17,emmanuel anuel
groggyroggy,backyard the
seolaqt,nonstop oh
h.arpermay,2 mac
mlro5,alone victor
jasonhaim,chromatica lady
jojo_or_joel,fires greta
bfitz456,windows alec
allison.caulder,immunity clairo
rachulmele,bastards palaye
isabellaa_mor,chromatica lady
_dimitr.a,you the
a_a_ron_la_criatura_uwu,ep afi
pog.punker,fandom waterparks
evgenia.stf,walls louis
lyselyx,monkeys the
callistajoe,mind frumhere
adeline.allison,dan pretzel
eria_berchialla,disguise motionless
n.odokaaaa,fire swmrs
j.pound_,whitney forever
jasonhaim,chromatica ladygaga
zzenacushing,missiles same
minniesfuneral,kind slipknot
tothecomfort,best kevin
nicoleraudette,me ashnikko
marialuisa_urias,nostalgia dua
krissiworld0329,us oneus
krissiworld0329,5nally ab6ix
ma.thannos,geogaddi boards
tomasocon,run bruce
sickviola,iii brockhampton
delaney_ferg,weather niall
alexitisd,wrist deftones
giovannxc,ep ruel
dyyelaa,armor hayley
kellenscho,mollusk ween
dailyastrologytea,door evanescence
lukakovaniemi,destroyer kiss
shawn.stendel,life murs
connerhazen,heart lets
mushroomtoasterz,everything lil
tenorio___,created the
marialaurapanzeri,chains alice
luscasralho,armour hayley
benjaminsteinn,power stooges
mert__57,albums common
mess1ka,college 24kgoldn
jazzy.mcjazzhands,ginger brockhampton
rossyroo46,remember homesick
gershmanyoav,idiot green
acdesmarais.15,computer radiohead
kevingislon,me the
_nermy,1 lil
gavin_lendon,laughter paramore
alexmuarenee,chapter slipknot
p.sandovall,d2 agust
n.james22,show thebeachesband
istanpoppy,poppy i
kleitongustavo1,glory britney
isabell_shivers,zone nct
adamsensiba,honey dirty
souzoukouuu2,session nf
nayuukko,d2 agust
liz.meader81,form the
lx_church,"dissimulation ksi
for"
ximenamtyor,justice women
paalomacuevas,nostalgia dua
_softmath,boy offonoff
phoebe.coyd,ride catfish
freddie.bredd,boy oliver
axchaxgel,nightmare arctic
whotfis.bruna,am arctic
ryleychristophersen,love soundgarden
yulissavalladars,fuzzybrain dayglowband
jasonhaim,gaga chrimatica
jasonhaim,mix lm5
jasonhaim,mix glory
jasonhaim,payne lp1
jasonhaim,zayn icarus
jasonhaim,perry witness
jasonhaim,jepsen dedicated
jasonhaim,adele 19
jasonhaim,gaga the
jasonhaim,horan heartbreak
casen.ripple,weather niall
rvaldez_30,english tor
berryblueroni,santa becky
arber.ldn,me tupac
stressvol,junk m83
burrito.boy__,devils polyphia
omnipresentphotographer,buying megadeth
marialaurapanzeri,love soundgarden
mileysrare,history michael
__.beamer__boy__,goat polog
daviosantos,post kiss
prettyboyslippers,cover gaslight
kenzie.calla,sleepyhead cavetown
seolaqt,eternity txt
mcfcarmo,obsession exo
mcfcarmo,exact exo
skenderovic.eliza,lp1 liam
ajay_telese06,am the
isa.jorgensen,phoenix phoenix
jxo.35,eternal txt
harrycheever,post bjrk
thamsss,gigaton pearl
le_crackpipe,yerbouti zappa
issacirions,state tash
f4irybl00d_,pink doja
diegod_sc,forever foals
itsjusrailee,suga meghan
sky.rios13,champion bishop
lil_gweny,scumbag five
adoraism,changing the
cerys.irene,bachelor panic
aikorh,apple fetch
myriam_bndd,archer alexandra
david_is_a_drummer,sunshine all
rossyroo46,homesick a
barrykeane209,doggystyle snoopdogg
beanie_head_austin_999,love juice
elliexgreaves,out patd
dunjapav_priv,am one
alviisen06,me your
mileysrare,jackson history
senp_alli,ab kaleo
shinygeography,surrender the
donaldtrumpsaggyass,cougar yung
http.cadu,home one
sybilmustdie,persona bts
7___77z,language dreamcatcher
karavzelm,999 kaytranada
madyson.elaine,interstellar hans
pedrolsants,falls zayn
rileyc80,boy raleigh
star12pats,colores alvaro
catipycroft,mobile partynextdoor
stiinawinbo,ep3 ateez
ianpeein_,lp charmer
nereis8,walls louist91
leninova2003,prejudice george
harrymachin__03,world bastille
soph__002,miroh skz
chriscznn,tapes champagnepapi
alexwebsterrr,you blossoms
jkhanyulia,exodus exo
yasminvieiira,beach gorillaz
jox._.nxlmxs,glue boston
jox._.nxlmxs,trauma i
sadyelcatracho,17 x
julezbob,spaces blossoms
noahwareness,armor hayley
ryanbarcy,this the
sara.steenput,masa mura
jennifer.muir,walls louis
alexis.irvine_,heart current
lukeyatesvisual,it wildhoney
emma_chvllr,pink two
luna_bean_uwu,stand sabaton
mmalaikaaa,jewels marina
_nezuumi_,stupid crywank
max_hjalmarsson,timing metro
sawfolk,foxes mewithoutyou
dani.zl,lungs florence
leandropnobre,sampaio tem
maddiegrobinson,180 aha
nataliepfefferr,hour kacey
_sleeep,armour hayley
avinoodlez,victoria sabaton
donaldtrumpsaggyass,voicenotes charlie
dave_amante,opus eric
bloodie.valentine,issues korn
maggoth0le,honeymoon beach
numanumaxtt,blackout britney
apantherthatspink,threat anonymuz
strange.overtones,drake pink
ethan_geoghegan,warrior trex
mera.daq,death notorious
jack_halliwell1,faith george
anitathenugget,heroin lorde
brandtkegans,neighborhoods blink
dxzairne,wings bts
jhair_salvador,tomorrow jxdn
mallyteufel,rumors fleetwood
hugo.howee,oasis whats
jordanslguay,puppets metallica
_sofisticataa,25 adele
francisco_saldanha09,buying megadeth
lebo.the.kid,nxworries yes
sophiromero,tgtatbo why
just_ablack_dot,unlocked denzel
leah_amezcua,mundo bad
_mimi.ray_,die panic
hemera.jpg,miedo kali
randomcandysmuggler,demidevil ashnikko
ajrs_pigeons_,click ajr
tenderandm0ist,fighters foo
zoesmar.tie,weird yungblud
vickyhang6,life stray
st4ynumb,support madison
kehlanizm,amala doja
joaopreys,jewels marina
pardonmyswag_,nectar joji
calebbuck006,illinois sufjan
laurencait.26,manic halsey
laurencait.26,banks plan
laurencait.26,weird yungblud
the18thllady,flowers beabadoobee
stepaann___,17 xxxtentacion
kutaysann,kids the
ehhhdgar,mundo bad
rainbow_blues_,evermore taylor
bearodrigsilv,monotones the
sophiemarley_,else fickle
loris.furlan,ep rin
duchesse.des.tubercules,thyme simon
beatriz.antunesss,ram paul
wheresdre,giveon when
hetfieldswhiplash,feelgood mtley
brubsml,zendaya zendaya
yayyy____yayy,santos the
qaisarasuffian,xyloto coldplay
noufelzf,downfall mgk
__jeickell__,downfall machine
ninoska_black,dangerous michael
badea._,up tpr
ro_agostinello,machine gorillaz
maryensss,nectar joji
aannalisebishop,odd patd
cba_s,horror bring
vascovarelas,joshua french
zhonglipebblejesus,phone lemon
rumpniisse,cowboy mitski
emilialwayscrying,thieves moral
lizziedupree,positions ariana
_avinabaguha_,joji nectar
lenaesor,please ariana
nickbraueer,effect seether
honeymoon.moonlightbae,positions ariana
derek_llopis,worlds porter
ozkar_kiko,color the
orchids_cattails,tracks knocked
hughes_soph,123 lennon
erown3,friends peach
underbane,bull kings
t7ch4,tighter mindless
michelle.kfrx, ic3peak
anaisabelicaram,walls louis
cocainecola._,downfall machine
raetardd,die bruno
sleep0nthefloor,marigold pinegrove
zikoeltobgy,hotshot shaggy
norimatyiszababo,out machine
happyxiaojxn,dynamite bts
ebony.couley,gift the
javiebecerra,nectar joji
_bowman___,downfall machine
paulae.medina,tapes fletcher
lilymckne,nectar joji
sabpsv,him killing
sabpsv,him screamworks
streitsuechtig,experienced jimi
konstadinos.politis,purpose justin
thanosegg,package drake
hannesprivvvvv,dreaming m83
azgorn.vs.the.wrld,say pouya
fede_fiorentino,2001 dre
fabihahusssain,made janice
_.maj._.exe._,pass george
zzxnex,shame get
deibidub,smile katy
sray._,love jimi
marialaurapanzeri,truth chris
brixx.dumpling,land marina
_owenmd_,pyrex digga
never.gonna.give.rick.up,50 rick
luhfinco,justice justin
deniaarchundia,mono rm
milkyymika,superclean the
_zegyed_,hellboy lil
real__phk,war exo
katiea2003,home one
ahlaynariley,downfall mgk
_is4bella_,jaguar victoria
ultravi0l5nce,yourself bts
sadbeaner666,downfall mgk
cancinopatty_,nothing black
camilllesald,walls louis
hails926,love thekidlaroi
svnnycrys,romance three
lalaaaaaaurii,hurricane bob
meline7415,understatement the
olga_sofia.n,head noah
hailey.millett,walls louis
pus5yd3str0y3r._,wasnt kehlani
chaysense,memories daft
castee.xnz,sensational yung
grac3hart_,immunity clairo
vivi_loves_mars,lie thirty
charleswushere,power pantera
emma_leaskey,calm 5
s4lemgh0uled,angels grimes
altermenschjungerkoerper,dream troye
lucretia.rip,special twice
amndj,blue the
vanessasolvr,one bts
maddieboose,titled the
ariel.talavera,claws ceres
caitlinault,this hole
matthew_chase1,hysteria def
xhttpkurxxed,baby lil
simrandairyfree,hour chloe
omgi7s_bryson,venom bullet
mellf_101,baby melanie
marialaurapanzeri,any white
diegoabad09,blue ellie
v4mpb0n3zz,eternity txt
_kieraross,lp1 liam
camillemfe,mind the
applejackiechan,titled chinese
chase.neuman,"saturation brockhampton
saturation"
kallie_p695,girl billy
joaofranca.ok,wunna gunna
elvinlodder,leonfrederico the
drowned_corpse,yokan deftones
ella.mayy_,five pouyaaaaaa
spowers28,waltz avatar
hannahsmith5_,solitude tori
seb.3ds,dancer bladee
alexchapmanstan,liquify moodkiller
sarahthyst,adventure madeon
sarahthysxms,time mr
marigarzon09,walls louis
camuelg,graduation kayne
cino.sch,3d datadam
bryantspronk,love the
colliecarterr,wrong dominic
ryhayes797,internet childish
8jose_m2,love the
rowanxcampbell,100 the
sarasllva,beginnings girl
twistpug,great metallica
c.f.bundy,butthurted everything
diego.ant.perez,offended it
svmisemo,glove spinal
mas.0n_,hyperion gesaffelstein
c.f.bundy,held chandler
_itsmelsa_,reptile eric
mileysrare,dangerous michael
royalebastards_,bastards palaye
aguileradaf,rumbas el
avaalouuu,balcony catfish
esther.sh1h,mayer continuum
life.of.kaylee,ginger brockhampton
macaronincheesin,fa peach
jack__paw, not
officialasylumggs,goat polo
reis.thomas,is sabrina
markesevillano,chromatica lady
moshtillyoudrop,sells megadeth
tylxr.ja,pilots blurryface
bokauyz,nostalgia chase
lily057985,bastards palaye
xoliviajones,igor tyler
tobes.watson,foxes fleet
itzwikiinnit,bambi hippo
elliotgrahamm1,bastards palaye
flackotizzery,hell don
wizcats_,drunk thunder
harrycheever,age mgmt
bdandre1029,pablo kanye
lish_leeson,chromatica gaga
isoldebunny,d2 agust
jeancapoani,spears blackout
alexzhouuu,heroine lorde
g0atmeal.n.brainsins,elizium fields
j.pound_,around whitney
kiddostff,us jessie
indianah_1102,pony rex
marialaurapanzeri,here alice
kmmerer,eros rin
dylanmcdd,lowell sufjan
hildalilja,hers pulp
cortes.sant,chromatica lady
_antux.06,d2 agust
blk_mtl_terror,i cosmo
v.alvino_,dawn mxmtoon
guillaume.blstr,dangerous michael
mvllorie,fantasia monsta
tomascimadevillla,fuzzybrain dayglow
colin_hugh3s,deluxe russ
l.a.mb,closer joy
brown_sugar_bujo,clouds 88rising
phoebeskata,delaware drop
zarabp1,faith madeon
cloud._.berg_,zaba glass
karinaboscolo,animals how
pog.punker,panic all
lucapog2020._,sick badflower
nnataliemoldenhauer,doubt metric
nnataliemoldenhauer,sexy lykke
value.fries,ohio lincoln
dzelzbetons,phases chase
julezbob,missiles sam
adamryan64_,barbara trixie
hhasmikk,phases prettymuch
mariajosehego,was 21
the.tweed.man,greats throbbing
anthonya0_,spirt khalid
maashmelloww,d2 agustd
ur.fav.album.in.negative,d2 agust
katyrosewater,d2 agust
marialaurapanzeri,oblivion screaming
livuamarie,d2 agust
cody_baker44,favorite keane
paaaaine,querer rosala
weltondionisio,disintegration the
domsholywater,yungblud 21st
melodyisdead,california blink182
papa_chibs,kisses typeonegative
acidexorcist,quietly frankie
giada.ivaldi,powerslave iron
roni.pironi,revolver the
thehomelessphilosopher,words dream
kostekevt,bones deadboy
marialaurapanzeri,heartbreaker free
melisaeguctas,anti rihanna
theresgrace,doom him
the18thllady,willow willow
phyllop,demo isaiah
domsholywater,weird yungblud
sailorjao,daydream mariah
_emma2000__,days little
cceslamm,198xad mega
sillysuga,phases chase
khanimax,damned g
damipats,labyrinth gfriend
orangutanico,painted lucky
marialaurapanzeri,faith blind
daspanishjawnn,you larry
aidan_mclaren,flood srv
mathz.m,d drumaq
sofiagaskarth,dye got7
karahsbanks,print nicki
ezramancini,midcity clipping
kendallfire_x,studies john
freddy__arriola,stuff elvin
valerinelle,sleepyhead cavetown
serenstrega,d2 agustd
harristeevee,deluxe selena
mileysrare,everything noah
ricciolicandy,sky pierce
officialasylumggs,myself lil
kar4su_,open car
clara.christensen1,magdane fka
sullivanmeaghan_,expetations bebe
joe.reno17,deadbeats blood
matt_shirleyvevo,boy ybn
ashanddebris,tapas sleaford
basile.vii,hell the
marialaurapanzeri,king eric
jackbrownlcfc,not liam
c.hloe31,alien soko
y.qnnq,life future
babeyyhobi,d2 yoongi
esterbritto7,d2 agust
sonallissharma,d2 agust
jennaelizabeth_16,love the
marialaurapanzeri,run paul
sarahwebel,calm 5sos
karlapattyep,d2 agust
kaibosh27,desire toto
p.umpkiin,instead ben
ezra_marin16,ill the
idtilynm,tried ryan
mill.w19,d2 agust
lostinmendesworld,styles harry
lostinmendesworld,mendes shawn
maomigram,me lady
_tyler_no.1,caracal disclosure
sssaturncc,d2 agust
michael.c.mckane,nima tool
smithr._,sabbath black
luiseduardojai6,reality black
mya_v4s,d2 agust
ewanjmcgregor,dissimulation ksi
cxld_rain_,ndigos canserbero
elisapizzano,hour kygo
a_simp_for_yoongi,d2 agust
aiden.buranen,all modern
elliecahilll,weather niall
jsncnrd,frequently artists
minecraft_mangle,being glass
turtle.jesus007,hawk the
evitaagomez,hours the
ahsandraws,b carly
arranhughess,heart madonna
igalexthompson,blue parkway
gmo24a,everything kota
jaexxha,chromatica gaga
malloriewindorski,walls louis
dklaudia8,phases chase
_sharmin.a,d2 agust
_tatumblanchard,noacf the
jakekuhfuss,me morgan
theperksofbeingbxiley,form the
alexwebsterrr,form the
alexwebsterrr,spaces blossoms
gabbibidou,pony rex
harveysavin,miller faces
charlottesimpsonxox,form the
cosmo.feels,perseverance death
annathesalmon,geography the
stonesitzman,atake lil
lasagnalover67,who skz
p4radoxical,time twrp
scarlettvictorr,trip trippie
_.a225,life future
cerys.odavies,relaxer atj
joemastaglio3,wap fetty
tiburtiino,glooooory britney
_ethan.hong_,mark bathory
tthompson215,goat polo
olokovisk_,dopesmoker sleep
f4ncychuu,7 bts
caroline_phillipsss,health quiet
pigeons.and.crumbs,hello poe
harveysavin,please mac
mariaceervantes,am mac
lily.howitt_6,levanter stray
missingdietsprite,2 the
robertckpurvis,free jason
enrico_breda,blood bastille
kathryn.anne.w,now charli
suck_it_to_em_rog,holbrook mika
patrick.ghazal15,hours the
__amiiraa.__,ssj duki
gwen_wolff,dawn pink
eren.yeagev,7 bts
kyliestover,khalifa wizzzz
fenixlynden,dissimulation ksi
dnl.em,attic aerosmith
clydebawlan,sorry jeff
madiesherbondy,fearless taylor
selenatheegg,currents tame
sircarloschavez,were ben
marialaurapanzeri,ozzmosis ozzy
cerys.odavies,relaxer altj
jm.svg,blonde frank
kalyanne_sousa,you ali
stairwaytojuls,races queen
jadathompsonn,psychodrama dave
sotelo_dnydz,now charli
keeeeeeily,sunshine all
luki4k,dookie green
gabriellaragz,crown oh
wsgcallie,goblin tyler
sophieange.l,rockwell lana
genesisbylaw,ep girl
sarahcavendersmtx,now taylor
watc0re,black mamamoo
camilablacksun,shame lily
_nevaehthomas,20 a
caddybc89,land the
rhcp.yee,night d12
a_a_ron_la_criatura_uwu,stranger creeper
rubymayy.x,liability yungblud
danielaroseee_,kehlani it
hazzalightsup,walls louis
furramalabortada,nostalgia dua
carlee.hoffmann,letters why
akatheriig,letters why
alexisray._,hs1 harry
mch.bot,bends radiohead
eurod0ll,now charli
marianadoroteu,hours the
thando_lwetthu,willow willow
queen.of.the.dayx,soul the
chyba_nie_znasz,food jack
arunanura,jungle jungle
brown_sugar_bujo,sawaryama rina
theclaudiamontalvo,ladrones shakira
yeimmi666,fire foals
_.t0asty._,sexy mindless
earth2emerie,am one
v.2nessa,experiment mandy
allison.caulder,2 brockhampton
mandalore.rat,foxtrot wilco
introvertedkitty_,krow conan
mando.reddington,scene mosley
fi3nd33,dxxm scarlxrd
gabriel.camil0,nine blink
itssamschaefer,han berhana
corranewman,voicenotes charlie
laziwe.mdladla,endless frank
marziaprian,armor hayley
jennaelizabeth_16,happens wallows
nyiahdavinee_,3 kevin
seba.flms,paris westside
aidan_sun,red king
eviexslater,pony rex
mikelnova,capes metro
zoyatrashy,scar dashboard
fearlesszaynn,walls louis
awstensstuff,bookends simon
haydenmaaaate,frogstomp silverchair
itshannahwalters,armor hayley
cadutorres13,transistor 311
lleyl.f,you seventeen
nickomalleyeveryday,nine george
alexxiusmalik,falls zayn
carwynjak.e,search nf
s3ren333,season conan
mahagonyewell,princess rex
cerys.odavies,relaxer alt
regularsizedcaroline,neotheater ajr
_vmcbeth,lover taylor
zeyhash,trouper abba
ucatub__,salute little
mushroomtoasterz,sober lil
emily_bb4,state blink182
molly_muir,x the
bokauyz,two benjamin
leolonnhammar,1999 joey
_danielnichols_,17 xxx
jamieshoemake_,am one
w.iktoriao,psycho quebonafide
guac_a_mattie,turnstiles billy
s.arahjane,silverman ben
epsilonsword,innerspeaker tame
elise.bwow,blossom milky
xjaimejewell,frank amy
spacecowboyjesus,dead scrim
